idx,Base salt,Initial loading,Final loading,Fitness
0,AgF,0.0,1.0,59.2
1,Al(NO3)3,6.0,9.0,60.37
2,Al(NO3)3,0.0,9.0,45.07
3,Al(NO3)3,0.0,6.0,40.76
4,Al3(OH)3(PO4)2,0.67,5.0,58.88
5,Al3(OH)3(PO4)2,0.0,5.0,51.58
6,Al2(OH)4SO4,2.0,7.0,35.88
7,Al2(OH)4SO4,0.0,7.0,31.29
8,Al2(OH)4SO4,0.0,2.0,19.83
9,Al2(SO4)3,16.5,18.0,42.37
10,Al2(SO4)3,14.0,18.0,48.19
11,Al2(SO4)3,6.0,18.0,63.62
12,Al2(SO4)3,0.0,18.0,65.73
13,Al2(SO4)3,14.0,16.5,51.69
14,Al2(SO4)3,6.0,16.5,66.65
15,Al2(SO4)3,0.0,16.5,67.85
16,Al2(SO4)3,6.0,14.0,71.33
17,Al2(SO4)3,0.0,14.0,70.74
18,Al2(SO4)3,0.0,6.0,69.99
19,Al2O3,1.0,3.0,56.5
20,Al2O3,0.0,1.0,71.09
21,AlCl3,0.0,6.0,91.21
22,AlF3,3.0,9.0,58.7
23,AlF3,1.0,9.0,57.58
24,AlF3,0.0,9.0,54.93
25,AlF3,1.0,3.0,54.2
26,AlF3,0.5,3.0,78.4
27,AlF3,0.0,3.0,47.4
28,AlF3,0.0,1.0,33.8
29,AlPO4,0.0,2.0,67.2
30,AlPO4,0.0,1.0,75.97
31,As2O5,1.67,4.0,60.06
32,As2O5,0.0,4.0,50.3
33,Ba(ClO4)2,1.0,3.0,56.2
34,Ba(ClO4)2,0.0,3.0,101.94
35,Ba(IO3)2,0.0,1.0,27.0
36,Ba(N3)2,0.0,1.0,44.3
37,Ba(OH)2,3.0,8.0,58.5
38,Ba(OH)2,1.0,7.0,58.0
39,Ba(OH)2,0.0,7.0,59.23
40,Ba(OH)2,1.0,3.0,63.75
41,Ba(OH)2,0.0,3.0,63.7
42,Ba(OH)2,1.0,1.3,59.0
43,Ba(OH)2,0.0,1.3,60.23
44,Ba(OH)2,0.0,1.0,65.0
45,BaAl2O4,0.0,1.0,83.7
46,BaBr2,1.0,2.0,57.6
47,BaBr2,0.0,2.0,59.4
48,BaBr2,0.0,1.0,58.02
49,BaC2O4,0.5,1.0,46.0
50,BaCl2,1.0,2.0,50.43
51,BaCl2,0.0,2.0,59.0
52,BaCl2,0.0,1.0,67.0
53,BaI2,0.0,6.0,40.4
54,BaI2,1.0,2.0,55.2
55,BaI2,0.0,2.0,65.24
56,BaI2,0.0,1.0,75.28
57,BeCl2,0.0,4.0,86.85
58,BeSeO4,2.0,4.0,60.69
59,BeSeO4,0.0,4.0,62.68
60,BeSeO4,0.0,2.0,64.66
61,BeSO4,3.0,4.0,61.5
62,BeSO4,2.0,4.0,58.6
63,BeSO4,1.0,4.0,62.43
64,BeSO4,0.0,4.0,63.93
65,BeSO4,2.0,3.0,57.56
66,BeSO4,1.0,3.0,64.73
67,BeSO4,0.0,3.0,88.26
68,BeSO4,1.0,2.0,68.11
69,BeSO4,0.0,2.0,69.25
70,BeSO4,0.0,1.0,68.4
71,BiCl3,0.0,1.0,65.4
72,(CH3)(NH2)Al(SO4)2,0.0,12.0,65.8
73,(CH3)(NH2)Cr(SO4)2,0.0,12.0,74.9
74,(CH3)(NH2)Fe(SO4)2,0.0,12.0,93.0
75,Ca6Al2(OH)12(SO4)3,0.0,26.0,46.63
76,Ca6Al2(OH)12(SO4)3,7.0,26.0,38.73
77,Ca6Fe2(OH)12(SO4)3,2.0,26.0,45.3
78,Ca6Al2(OH)12(CO3)3,3.0,26.0,43.37
79,Ca(Al2Si2O6)2,3.5,4.0,43.53
80,Ca(Al2Si2O6)2,2.0,4.0,53.15
81,Ca(Al2Si2O6)2,2.0,3.5,56.36
82,Ca(CH3COO)2,0.0,1.0,63.0
83,Ca(ClO4)2,0.0,4.0,64.89
84,Ca(H2PO4)2,0.0,1.0,53.2
85,Ca(IO3)2,1.0,6.0,50.94
86,Ca(IO3)2,0.0,6.0,61.23
87,Ca(IO3)2,0.0,1.0,70.48
88,Ca(NO3)2,3.0,4.0,57.42
89,Ca(NO3)2,2.0,4.0,58.4
90,Ca(NO3)2,0.0,4.0,58.95
91,Ca(NO3)2,2.0,3.0,54.86
92,Ca(NO3)2,0.0,3.0,57.65
93,Ca(NO3)2,0.0,2.0,59.5
94,Ca2AlF7,0.0,1.0,46.4
95,Ca2Fe(PO4)2,0.5,4.0,64.06
96,Ca2SiO4,0.0,1.17,67.08
97,Ca3Si2O7,0.0,3.0,31.95
98,Ca3Al2O6,0.0,6.0,84.88
99,Ca5Si6O17,5.5,10.5,56.75
100,Ca5Si6O17,3.0,10.5,58.31
101,Ca5Si6O17,3.0,5.5,51.44
102,CaAl2Si2O8,0.0,1.0,73.48
103,CaAl2Si7O18,6.0,7.0,51.48
104,Ca(B(OH)4)2,0.0,2.0,19.68
106,CaBr2,6.0,9.0,60.8
107,CaBr2,0.0,9.0,61.69
108,CaBr2,0.0,6.0,62.08
109,CaC2O4,0.0,1.0,69.5
110,CaCl2,4.0,6.0,59.98
111,CaCl2,2.0,6.0,62.82
112,CaCl2,1.0,6.0,60.38
113,CaCl2,0.0,6.0,62.48
114,CaCl2,2.0,4.0,62.46
115,CaCl2,1.0,4.0,57.12
116,CaCl2,0.0,4.0,61.09
117,CaCl2,1.0,2.0,49.0
118,CaCl2,0.0,2.0,61.81
119,CaCl2,0.0,1.0,72.89
120,CaCO3,1.0,6.0,51.61
121,CaCO3,0.0,6.0,51.09
122,CaCO3,0.0,1.0,48.47
123,CaCrO4,0.0,2.0,84.0
124,CaHPO4,0.0,2.0,57.12
125,CaI2,0.0,8.0,57.81
126,CaMg(B3O7H3)2,2.2,3.0,38.89
127,CaMg(B3O7H3)2,0.0,3.0,69.49
128,CaMg(B3O7H3)2,0.0,2.2,80.62
129,CaNaB5O12H6,1.0,5.0,85.68
130,CaO,0.0,8.0,52.11
131,CaSeO4,0.0,2.0,56.65
132,CaSiF6,0.0,2.0,59.0
133,CaSO3,0.5,2.0,52.4
134,CaSO3,0.0,2.0,54.46
135,CaSO3,0.0,0.5,62.8
136,CaSO4,0.5,2.0,54.49
137,CaSO4,0.0,2.0,56.44
138,CaSO4,0.0,0.5,64.02
139,CaTeO3,0.0,1.0,70.73
140,CaZn2(PO4)2,1.0,2.0,62.51
141,CaZn2(PO4)2,0.67,2.0,57.55
142,CaZn2(PO4)2,0.0,2.0,56.54
143,CaZn2(PO4)2,0.67,1.0,42.51
144,CaZn2(PO4)2,0.0,1.0,52.29
145,CaZn2(PO4)2,0.0,0.67,57.1
146,Cd(ClO4)2,4.0,6.0,20.0
147,Cd(ClO4)2,0.0,6.0,63.41
148,Cd(NO3)2,2.0,4.0,57.0
149,Cd(NO3)2,0.0,4.0,57.25
150,Cd(NO3)2,0.0,2.0,57.5
151,CdBr2,0.0,4.0,54.97
152,CdCl2,2.5,4.0,65.0
153,CdCl2,1.0,4.0,59.2
154,CdCl2,0.0,4.0,57.73
155,CdCl2,1.0,2.5,53.4
156,CdCl2,0.0,2.5,53.36
157,CdCl2,0.0,1.0,53.3
158,CdF2,0.0,2.0,66.94
159,CdSeO4,0.0,1.0,67.38
160,CdSO4,1.0,2.67,52.28
161,CdSO4,0.0,2.67,57.4
162,CdSO4,0.0,1.0,127.3
163,Ce(NO3)3,3.0,4.0,74.91
165,CeBr3,0.0,7.0,64.5
166,CeCl3,6.0,7.0,43.3
167,CeCl3,0.0,7.0,60.7
168,CeCl3,0.0,6.0,64.6
169,CePO4,0.0,2.0,50.53
170,Co(ClO4)2,0.0,6.0,22.0
171,Co(HCOO)2,0.0,2.0,81.74
172,Co(NO3)2,4.0,6.0,47.84
173,Co(NO3)2,0.0,6.0,56.0
174,Co(NO3)2,3.0,4.0,62.78
175,Co(NO3)2,2.0,3.0,61.98
176,Co(NO3)2,0.0,2.0,57.82
177,CoBr2,0.0,6.0,58.9
178,CoBr2,2.0,4.0,35.4
179,CoBr2,0.0,4.0,46.9
180,CoBr2,0.0,2.0,58.4
181,CoCl2,4.0,6.0,54.58
182,CoCl2,2.0,6.0,56.24
183,CoCl2,1.0,6.0,57.7
184,CoCl2,0.0,6.0,58.2
185,CoCl2,2.0,4.0,59.85
186,CoCl2,1.0,2.0,56.65
187,CoCl2,0.0,2.0,61.96
188,CoCl2,0.0,1.0,60.07
189,CoF2,0.0,4.0,54.6
190,CoSeO3,0.0,2.0,21.98
191,CoSO4,6.0,7.0,53.58
192,CoSO4,1.0,7.0,44.43
193,CoSO4,0.0,7.0,56.84
194,CoSO4,1.0,6.0,42.8
195,CoSO4,0.0,6.0,57.55
196,Cr2(SO4)3,8.0,14.0,57.7
197,Cr2(SO4)3,0.0,14.0,81.64
198,Cr2(SO4)3,0.0,8.0,99.6
199,CrCl2,3.0,4.0,58.36
200,CrCl2,2.0,4.0,60.37
201,CrCl2,0.0,4.0,61.3
202,CrCl2,2.0,3.0,62.38
203,CrCl2,0.0,3.0,62.26
204,CrCl2,0.0,2.0,62.23
205,CrCl3,0.0,6.0,66.2
206,CrF3,5.0,9.0,88.7
207,CrF3,3.0,9.0,70.77
208,CrF3,0.0,9.0,69.71
209,CrF3,3.0,5.0,34.9
210,CrF3,0.0,5.0,54.52
211,CrF3,0.0,3.0,67.6
213,Cs2CO3,1.5,3.5,64.5
214,Cs2CO3,0.0,3.5,64.09
217,Cs2Cu(SO4)2,0.0,6.0,50.0
218,Cs2Fe(SO4)2,0.0,6.0,60.0
219,Cs2Mg(SeO4)2,4.0,6.0,55.83
220,Cs2Mg(SeO4)2,2.0,6.0,53.45
221,Cs2Mg(SeO4)2,0.0,6.0,59.96
222,Cs2Mg(SO4)2,2.0,6.0,57.15
223,Cs2Mg(SO4)2,0.0,6.0,60.08
224,Cs2Ni(SO4)2,2.0,6.0,58.25
225,Cs2Ni(SO4)2,0.0,6.0,63.33
226,Cs2Zn(SO4)2,0.0,6.0,63.0
227,CsAl(SO4)2,0.0,12.0,62.13
228,CsCd(SO4)2,2.0,6.0,34.0
229,CsCr(SeO4)2,0.0,12.0,73.0
230,CsCr(SO4)2,0.0,12.0,39.6
231,CsF,1.0,1.5,54.41
232,CsF,0.0,1.5,62.07
233,CsF,0.0,1.0,67.71
234,CsFe(SO4)2,4.0,6.0,64.0
235,CsGa(SeO4)2,0.0,12.0,55.28
236,CsMg(SO4)2,2.0,6.0,45.58
237,CsNi(SO4)2,2.0,6.0,53.7
238,CsOH,0.0,1.0,95.16
239,CsTi(SO4)2,0.0,12.0,56.1
240,CsV(SO4)2,0.0,12.0,66.5
241,CsZn(SO4)2,2.0,6.0,63.7
242,Cu(CH3COO)2,0.0,1.0,60.84
243,Cu(ClO4)2,4.0,8.0,13.0
244,Cu(HCOO)2,2.0,4.0,60.04
245,Cu(HCOO)2,0.0,4.0,55.6
246,Cu(HCOO)2,0.0,2.0,51.17
247,Cu(IO3)2,0.0,1.0,60.2
248,Cu(NO3)2,3.0,6.0,61.7
249,Cu(NO3)2,0.0,6.0,58.0
250,Cu(NO3)2,0.0,3.0,68.42
251,CuBr2,0.0,4.0,54.8
252,CuBr2,0.0,2.0,58.4
253,CuCl2,0.0,2.0,56.32
254,CuF2,0.0,2.0,67.75
255,CuHPO4,0.0,1.0,35.2
256,CuSeO3,0.0,2.0,44.1
257,CuSeO4,0.0,5.0,53.24
258,CuSO4,3.0,5.0,55.27
259,CuSO4,1.0,5.0,55.95
260,CuSO4,0.0,5.0,59.24
261,CuSO4,1.0,3.0,57.5
262,CuSO4,0.0,3.0,61.89
263,CuSO4,0.0,1.0,64.82
264,Dy(NO3)3,4.0,6.0,56.25
265,DyCl3,0.0,6.0,70.4
266,DyPO4,0.0,2.0,107.5
267,ErCl3,0.0,6.0,72.04
268,ErPO4,0.0,2.0,99.2
269,Eu(IO3)3,0.0,2.0,23.2
270,EuBr3,0.0,6.0,62.0
271,EuCl2,0.0,2.0,54.9
272,EuCl3,0.0,6.0,66.06
273,EuPO4,0.0,2.0,75.13
274,FeSO5H,2.0,5.0,52.66
275,FeSO5H,0.0,5.0,54.44
276,FeSO5H,0.0,2.0,57.08
277,FeSO5H,1.5,3.5,52.98
278,FeSO5H,0.0,3.5,54.64
279,FeSO5H,1.5,3.0,57.05
280,FeSO5H,0.0,3.0,56.93
281,FeSO5H,0.0,1.5,56.85
282,Fe2(SO4)3,7.75,9.0,61.18
283,Fe2(SO4)3,5.03,9.0,54.25
284,Fe2(SO4)3,0.0,9.0,58.37
285,Fe2(SO4)3,5.03,7.75,52.17
286,Fe2(SO4)3,0.0,7.75,58.31
287,Fe2(SO4)3,0.0,5.03,61.63
288,Fe2O3,0.0,1.0,51.36
289,Fe3(PO4)2,1.0,8.0,50.22
290,Fe3(PO4)2,0.0,4.0,65.86
291,FeBr2,0.0,4.0,53.9
292,FeBr2,1.0,2.0,50.0
293,FeC2O4,0.0,2.0,53.31
294,FeCl2,2.0,4.0,50.99
295,FeCl2,1.0,4.0,58.06
296,FeCl2,0.0,4.0,56.44
297,FeCl2,1.0,2.0,62.0
298,FeCl2,0.0,2.0,61.41
299,FeCl3,0.0,6.0,62.33
300,FeCl3,2.5,6.0,53.2
301,FeCl3,0.0,2.5,60.5
302,FePO4,0.0,6.0,53.8
303,FePO4,2.0,4.0,46.88
304,FePO4,0.0,4.0,50.23
305,FePO4,0.0,2.0,53.78
306,FeSO4,4.0,7.0,53.0
307,FeSO4,1.0,7.0,53.6
308,FeSO4,0.0,7.0,56.44
309,FeSO4,1.0,4.0,53.7
310,FeSO4,0.0,4.0,58.42
311,FeSO4,0.0,1.0,72.28
312,FeZn2(PO4)2,3.5,4.0,58.78
313,FeZn2(PO4)3,0.0,4.0,35.35
314,FeZn2(PO4)3,1.5,3.5,56.01
315,Gd(NO3)3,4.0,6.0,29.79
316,Gd(NO3)3,3.0,6.0,41.46
317,GdCl3,0.0,6.0,68.74
318,H2C2O4,0.0,2.0,52.8
319,H2SeO3,0.0,1.0,53.3
320,H2SO4,4.0,6.5,47.0
321,H2SO4,3.0,6.5,47.57
322,H2SO4,2.0,6.5,48.44
323,H2SO4,1.0,6.5,50.04
324,H2SO4,0.0,6.5,53.38
325,H2SO4,3.0,4.0,49.0
326,H2SO4,2.0,4.0,50.25
327,H2SO4,1.0,4.0,52.73
328,H2SO4,0.0,4.0,57.5
329,H2SO4,2.0,3.0,51.5
330,H2SO4,1.0,3.0,50.5
331,H2SO4,0.0,3.0,54.4
332,H2SO4,1.0,2.0,57.7
333,H2SO4,0.0,2.0,64.75
334,H2SO4,0.0,1.0,71.8
335,H3PO4,0.0,0.5,62.8
336,HAuCl4,3.0,4.0,53.53
337,HClO4,1.0,2.0,66.0
338,HClO4,0.0,2.0,62.75
339,HClO4,0.0,1.0,59.5
340,HIO3,0.0,1.0,75.0
341,HfF4,0.0,3.0,67.4
342,HgF2,0.0,2.0,71.1
343,Ho(N3)3,4.0,6.0,52.55
344,HoCl3,0.0,6.0,71.27
345,HoPO4,0.0,2.0,109.6
346,InCl3,0.0,3.0,51.0
347,InF3,0.0,3.0,70.4
348,K2C2O4,0.0,2.0,51.0
349,K2C2O4,0.0,1.0,64.16
350,K2C4H4O6,0.0,0.5,53.0
351,K2Co(SO4)2,2.0,6.0,61.0
352,K2CO3,0.0,2.0,62.5
353,K2CO3,0.5,1.5,63.61
354,K2CO3,0.0,1.5,59.98
355,K2CO3,0.0,0.5,73.51
356,K2Co(SO4)2,0.0,6.0,61.0
357,K2Cu(SO4)2,2.0,6.0,56.9
358,K2Cu(SO4)2,0.0,6.0,59.99
359,K2Cu(SO4)2,0.0,2.0,66.21
360,K2CuCl4,0.0,2.0,59.7
361,K2Fe(SO4)2,4.0,6.0,44.0
362,K2Fe(SO4)2,0.0,6.0,38.0
363,K2HgCl4,0.0,1.0,66.82
364,K2Mg(SeO4)2,2.0,6.0,54.42
365,K2Mg(SeO4)2,0.0,6.0,62.05
366,K2Mg(SeO4)2,0.0,2.0,77.32
367,K2Mg(SO4)2,4.0,6.0,48.34
368,K2Mg(SO4)2,2.0,6.0,58.79
369,K2Mg(SO4)2,0.0,6.0,61.1
370,K2Mg(SO4)2,2.0,4.0,58.99
371,K2Mg(SO4)2,0.0,4.0,64.96
372,K2Mg(SO4)2,0.0,2.0,65.71
373,K2Mn(SO4)2,2.0,6.0,43.9
374,K2Mn(SO4)2,0.0,6.0,50.42
375,K2Mn(SO4)2,2.0,4.0,51.38
376,K2Mn(SO4)2,0.0,4.0,57.41
377,K2Ni(SO4)2,2.0,6.0,52.25
378,K2Ni(SO4)2,0.0,6.0,62.0
379,K2PtBr4,0.0,2.0,50.8
380,K2TeO3,0.0,3.0,56.64
381,K2Zn(SeO4)2,0.0,6.0,51.13
382,K2Zn(SO4)2,2.0,6.0,55.2
383,K2Zn(SO4)2,0.0,6.0,56.68
384,K2Zn(SO4)2,0.0,2.0,59.64
385,K3PO4,0.0,7.0,50.72
386,K4Fe(CN)6,0.0,3.0,50.52
387,K4P2O7,0.0,3.0,60.82
388,KAl(SO4)2,3.0,12.0,56.0
389,KAl(SO4)2,2.0,12.0,50.9
390,KAl(SO4)2,0.0,12.0,57.45
391,KAl(SO4)2,2.0,3.0,59.43
392,KAl(SO4)2,0.0,3.0,63.85
393,KAl(SO4)2,1.0,2.0,36.24
394,KAlF4,0.0,0.33,68.1
395,KAuBr4,0.0,2.0,37.4
396,KAuCl4,0.0,2.0,48.9
397,KCdCl3,0.0,1.0,44.4
398,KCr(SO4)2,6.0,12.0,52.4
399,KF,2.0,4.0,57.71
400,KF,0.0,4.0,54.81
401,KF,0.0,2.0,62.76
402,KInBr4,0.0,2.0,40.6
403,KMgCl3,2.0,6.0,66.01
404,KMgCl3,0.0,6.0,67.26
405,KMgCl3,0.0,2.0,69.76
406,KMnCl3,0.0,2.0,60.6
407,KOH,1.0,2.0,59.1
408,KOH,0.0,2.0,71.87
409,KOH,0.75,1.0,17.9
410,KOH,0.0,1.0,89.49
411,KSnF3,0.0,0.5,53.4
412,La(NO3)3,4.0,6.0,52.65
413,La(NO3)3,3.0,6.0,55.14
414,La(NO3)3,0.0,6.0,59.68
415,La(NO3)3,3.0,4.0,60.13
416,La(NO3)3,0.0,4.0,63.21
417,La(NO3)3,0.0,3.0,64.23
418,La2(CO3)3,6.0,8.0,57.76
419,La2(CO3)3,0.5,8.0,57.98
420,La2(CO3)3,0.5,6.0,58.06
421,La2(CrO4)3,2.0,7.0,54.33
422,La2(CrO4)3,0.0,7.0,57.22
423,La2(SO4)3,0.0,9.0,59.1
424,LaBr3,0.0,7.0,64.7
425,LaCl3,6.0,7.0,21.65
426,LaCl3,3.0,7.0,60.52
427,LaCl3,1.0,7.0,64.7
428,LaCl3,0.0,7.0,65.85
429,LaCl3,1.0,3.0,64.3
430,LaCl3,0.0,3.0,71.37
431,LaCl3,0.0,1.0,72.75
432,LaPO4,0.0,2.0,111.62
433,Li2CrO4,0.0,2.0,56.5
434,Li2Sn(OH)6,0.0,2.0,87.6
435,Li2SO4,0.0,1.0,56.54
436,Li2TiF6,0.0,2.0,50.1
437,Li2ZnCl4,0.0,2.0,70.1
438,LiBr,1.0,2.0,60.8
439,LiBr,0.0,2.0,63.87
440,LiBr,0.0,1.0,72.41
441,LiCl,2.0,3.0,44.6
442,LiCl,1.0,3.0,54.3
443,LiCl,0.0,3.0,57.2
444,LiCl,1.0,2.0,61.09
445,LiCl,0.0,2.0,63.45
446,LiCl,0.0,1.0,65.24
447,LiClO4,1.0,3.0,60.89
448,LiClO4,0.0,3.0,63.72
449,LiClO4,0.0,1.0,69.37
450,LiI,2.0,3.0,65.05
451,LiI,1.0,3.0,58.9
452,LiI,0.0,3.0,58.9
453,LiI,1.0,2.0,62.03
454,LiI,0.0,2.0,58.9
455,LiI,0.5,1.0,86.2
456,LiI,0.0,1.0,78.3
457,LiI,0.0,0.5,28.99
458,LiMnF4,0.0,1.0,54.9
459,LiNO2,0.0,1.0,63.3
460,LiNO3,0.0,3.0,54.47
461,LiOH,0.0,1.0,65.64
462,LiReO4,1.0,2.0,55.25
463,LiReO4,0.0,2.0,55.25
464,LiReO4,0.0,1.0,55.25
465,LuBr3,0.0,8.0,71.0
466,LuCl3,0.0,6.0,68.74
467,LuPO4,0.0,2.0,82.44
468,Mg(ClO4)2,4.0,6.0,61.66
469,Mg(ClO4)2,2.0,6.0,61.4
470,Mg(ClO4)2,0.0,6.0,66.74
471,Mg(ClO4)2,2.0,4.0,61.14
472,Mg(ClO4)2,0.0,4.0,69.28
473,Mg(ClO4)2,0.0,2.0,76.34
474,Mg(NO3)2,2.0,6.0,58.78
475,Mg(NO3)2,0.0,6.0,61.9
476,Mg(NO3)2,0.0,2.0,67.98
477,Mg3(PO4)2,2.0,8.0,64.38
478,Mg3(O3POB(OH)3)2,1.0,6.0,81.85
479,Mg3(O3POB(OH)3)2,0.0,6.0,74.06
480,Mg3(O3POB(OH)3)2,0.0,1.0,35.11
481,MgBr2,6.0,9.0,71.2
482,MgBr2,4.0,9.0,68.2
483,MgBr2,2.0,9.0,70.03
484,MgBr2,1.0,9.0,74.31
485,MgBr2,0.0,9.0,76.72
486,MgBr2,4.0,6.0,63.7
487,MgBr2,1.0,6.0,50.0
488,MgBr2,0.0,6.0,72.5
489,MgBr2,2.0,4.0,74.6
490,MgBr2,1.0,2.0,104.3
491,MgBr2,0.0,1.0,61.45
492,MgC2O4,0.0,2.0,48.22
493,MgCl2,4.0,6.0,55.57
494,MgCl2,2.0,6.0,58.3
495,MgCl2,1.0,6.0,60.71
496,MgCl2,0.0,6.0,64.51
497,MgCl2,2.0,4.0,67.42
498,MgCl2,1.0,4.0,66.51
499,MgCl2,0.0,4.0,70.76
500,MgCl2,1.0,2.0,70.82
501,MgCl2,0.0,2.0,76.92
502,MgCl2,0.0,1.0,81.65
503,MgCO3,3.0,5.0,53.11
504,MgCO3,1.0,5.0,52.45
505,MgCO3,0.0,5.0,53.81
506,MgCO3,1.0,3.0,51.9
507,MgCO3,0.0,3.0,53.18
508,MgCrO4,2.0,5.0,49.07
509,MgCrO4,1.0,5.0,55.1
510,MgCrO4,0.0,5.0,68.01
511,MgCrO4,0.0,1.0,119.68
512,MgCsCl3,0.0,6.0,69.4
513,MgHPO4,1.0,3.0,28.99
514,MgRbCl3,0.0,6.0,70.3
516,MgSeO4,4.0,6.0,52.74
517,MgSeO4,1.0,6.0,54.92
518,MgSeO4,0.0,6.0,59.92
519,MgSeO4,1.0,4.0,56.36
520,MgSeO4,0.0,4.0,63.51
521,MgSeO4,0.0,1.0,86.68
522,MgSO3,3.0,6.0,54.66
523,MgSO3,0.0,6.0,60.0
524,MgSO3,0.0,3.0,65.04
525,MgSO4,6.0,7.0,59.6
526,MgSO4,5.0,7.0,55.75
527,MgSO4,4.0,7.0,56.43
528,MgSO4,2.0,7.0,57.38
529,MgSO4,1.0,7.0,55.84
530,MgSO4,0.0,7.0,58.63
531,MgSO4,5.0,6.0,50.8
532,MgSO4,4.0,6.0,54.85
533,MgSO4,2.0,6.0,56.81
534,MgSO4,1.0,6.0,55.09
535,MgSO4,0.0,6.0,58.47
536,MgSO4,4.0,5.0,55.47
537,MgSO4,2.0,5.0,58.47
538,MgSO4,1.0,5.0,55.88
539,MgSO4,0.0,5.0,72.28
540,MgSO4,2.0,4.0,58.8
541,MgSO4,1.0,4.0,55.24
542,MgSO4,0.0,4.0,60.28
543,MgSO4,1.0,2.0,48.13
544,MgSO4,0.0,2.0,61.76
545,MgSO4,0.0,1.0,88.16
546,MgTeO3,5.0,6.0,52.7
547,MgTeO3,0.0,6.0,59.62
548,MgTeO3,0.0,5.0,56.87
549,Mn(C2H3O2)2,0.0,4.0,67.5
550,Mn(ClO4)2,4.0,6.0,20.0
551,Mn(HCOO)2,0.0,2.0,58.48
552,Mn(NO3)2,0.0,6.0,69.33
553,MnBr2,4.0,6.0,76.5
554,MnBr2,1.0,6.0,55.62
555,MnBr2,0.0,6.0,59.02
556,MnBr2,1.0,4.0,41.7
557,MnBr2,0.0,4.0,50.25
558,MnBr2,0.0,2.0,58.2
559,MnBr2,0.0,1.0,76.0
560,MnC2O4,2.0,3.0,50.18
561,MnC2O4,0.0,3.0,54.81
562,MnC2O4,0.0,2.0,57.13
563,MnCl2,2.0,4.0,54.26
564,MnCl2,1.0,4.0,58.59
565,MnCl2,0.0,4.0,60.64
566,MnCl2,1.0,2.0,59.35
567,MnCl2,0.0,2.0,65.2
568,MnCl2,0.0,1.0,69.15
569,MnF2,0.0,4.0,51.28
570,MnI2,2.0,4.0,55.2
571,MnI2,1.0,4.0,49.13
572,MnI2,0.0,4.0,47.63
573,MnI2,1.0,2.0,37.0
574,MnI2,0.0,2.0,40.05
575,MnI2,0.0,1.0,43.1
576,MnSeO3,0.0,2.0,39.44
577,MnSeO4,0.0,1.0,77.24
578,MnSO4,5.0,7.0,51.0
579,MnSO4,1.0,7.0,50.14
580,MnSO4,0.0,7.0,52.9
581,MnSO4,1.0,5.0,49.7
582,MnSO4,0.0,5.0,53.66
583,MnSO4,1.0,4.0,52.0
584,MnSO4,0.0,4.0,56.38
585,MnSO4,1.0,2.0,46.3
586,MnSO4,0.0,1.0,64.48
587,MoCl2,0.0,1.33,54.8
588,MoO3,0.0,2.0,77.5
589,MoO3,0.0,1.0,85.6
590,Na2B4O8H2,1.5,3.0,54.31
591,Na2B4O8H2,0.0,3.0,69.46
592,Na2B4O8H2,0.0,1.5,84.61
593,Na2B4O7,0.0,10.0,55.5
594,Na2B4O7,0.0,5.0,72.8
595,Na2C2H4O6,0.0,2.0,44.53
596,Na2CO3,7.0,10.0,52.33
597,Na2CO3,1.0,10.0,53.69
598,Na2CO3,0.0,10.0,54.25
599,Na2CO3,1.0,7.0,52.42
600,Na2CO3,0.0,7.0,54.12
601,Na2CO3,0.0,1.0,59.08
602,Na2Co(SO4)2,0.0,4.0,54.0
603,Na2Cr2O7,0.0,2.0,68.0
604,Na2CrO4,4.0,10.0,49.69
605,Na2CrO4,0.0,10.0,51.62
606,Na2CrO4,0.0,4.0,54.5
607,Na2Cu(SO4)2,0.0,2.0,130.5
608,Na2Fe(SO4)2,0.0,2.0,44.0
609,Na2H2P2O7,0.0,6.0,52.23
610,Na2HPO3,0.0,5.0,61.59
611,Na2HPO4,7.0,12.0,46.71
612,Na2HPO4,2.0,12.0,44.9
613,Na2HPO4,0.0,12.0,46.99
614,Na2HPO4,2.0,7.0,51.53
615,Na2HPO4,0.0,7.0,51.98
616,Na2HPO4,0.0,2.0,57.31
617,Na2Mg(SO4)4,0.0,4.0,120.2
618,Na2MoO4,0.0,2.0,65.5
619,Na2Ni(SO4)2,0.0,4.0,64.0
620,Na2S,5.0,9.0,55.34
621,Na2S,2.0,9.0,58.58
622,Na2S,0.0,9.0,61.56
623,Na2S,2.0,5.0,62.9
624,Na2S,0.0,5.0,66.54
625,Na2S,0.0,2.0,73.0
626,Na2S2O3,0.0,7.0,64.43
627,Na2S2O3,0.0,5.0,54.45
628,Na2Se,4.5,9.0,46.51
629,Na2Se,0.0,9.0,57.57
630,Na2Se,0.0,4.5,68.63
631,Na2SeO3,0.0,5.0,47.13
632,Na2SeO4,0.0,10.0,57.16
633,Na2SiO3,8.0,9.0,53.1
634,Na2SiO3,6.0,9.0,53.57
635,Na2SiO3,5.0,9.0,53.15
636,Na2SiO3,0.0,9.0,52.84
637,Na2SiO3,6.0,8.0,53.8
638,Na2SiO3,5.0,8.0,53.17
639,Na2SiO3,0.0,8.0,52.81
640,Na2SiO3,5.0,6.0,51.9
641,Na2SiO3,0.0,6.0,52.48
642,Na2SiO3,0.0,5.0,52.15
643,Na2SO3,0.0,7.0,52.13
644,Na2SO4,7.0,10.0,52.1
645,Na2SO4,0.0,10.0,53.33
646,Na2SO4,0.0,7.0,53.86
647,Na2TeO3,0.0,5.0,56.08
648,Na2WO4,0.0,2.0,55.3
649,Na2Zn(SO4)2,0.0,4.0,129.54
650,Na2ZnCl4,0.0,3.0,58.6
651,Na3AsO4,0.0,12.0,66.0
652,Na3C6H5O7,0.0,2.0,55.32
653,Na3HP2O7,1.0,6.0,50.89
654,Na3HP2O7,0.0,6.0,53.71
655,Na3HP2O7,0.0,1.0,67.8
656,Na3PO4,0.0,12.0,55.13
657,Na4P2O7,0.0,10.0,54.0
658,Na5P3O10,0.0,6.0,55.66
659,NaAl(SO4)2,0.0,12.0,54.9
660,NaBO2,0.0,4.0,69.75
661,NaBO3,0.0,4.0,68.0
662,NaBr,0.0,2.0,54.81
663,NaCH3COO,1.5,3.0,58.7
664,NaCH3COO,0.0,3.0,58.35
665,NaCH3COO,0.0,1.5,58.0
666,NaCHOO,2.0,3.0,40.98
667,NaCHOO,0.0,3.0,49.9
668,NaCHOO,0.0,2.0,54.37
669,NaCl,0.0,2.0,55.1
670,NaClO2,0.0,3.0,54.66
671,NaClO4,0.0,1.0,50.27
672,NaCN,0.5,2.0,54.13
673,NaCN,0.0,2.0,54.38
674,NaCN,0.0,0.5,55.2
675,NaCr(SO4)2,0.0,12.0,55.2
676,NaH2PO4,0.0,2.0,65.5
677,NaH2PO4,0.0,1.0,53.27
678,NaHC2O4,0.0,3.0,51.8
679,NaHC2O4,0.0,1.0,60.64
680,NaHgCl3,0.0,2.0,69.6
681,NaHSO4,0.0,1.0,49.38
682,NaI,0.0,2.0,55.98
683,NaIO3,1.0,5.0,51.4
684,NaIO3,0.0,5.0,54.8
685,NaIO3,0.0,1.0,61.95
686,NaKC4H4O6,0.0,4.0,56.65
687,NaNiF3,0.0,3.0,68.3
688,NaOH,3.5,7.0,59.8
689,NaOH,1.0,7.0,55.0
690,NaOH,0.0,7.0,66.7
691,NaOH,3.5,4.0,48.94
692,NaOH,1.0,4.0,48.39
693,NaOH,0.0,4.0,53.09
694,NaOH,1.0,3.5,56.49
695,NaOH,0.0,3.5,53.68
696,NaOH,0.0,1.0,64.33
697,Nd(NO3)3,4.0,6.0,52.46
698,Nd(NO3)3,3.0,6.0,62.23
699,Nd(NO3)3,0.0,6.0,61.1
700,Nd(NO3)3,3.0,4.0,81.77
701,Nd(NO3)3,0.0,4.0,65.42
702,Nd(NO3)3,0.0,3.0,59.97
703,Nd2(CrO4)3,2.0,7.0,61.27
704,Nd2(CrO4)3,0.0,7.0,58.12
707,NdCl3,0.0,6.0,62.69
708,(NH4)2C2O4,0.0,1.0,72.0
709,(NH4)2Co(SO4)2,2.0,6.0,62.0
710,(NH4)2Co(SO4)2,0.0,6.0,55.0
711,(NH4)2CuCl4,0.0,2.0,68.8
712,(NH4)2Cu(SO4)2,2.0,6.0,104.2
713,(NH4)2Cu(SO4)2,0.0,6.0,61.0
714,(NH4)2Fe(SO4)2,0.0,6.0,64.64
715,(NH4)2Mg(SO4)2,4.0,6.0,58.0
716,(NH4)2Mg(SO4)2,2.0,6.0,60.52
717,(NH4)2Mg(SO4)2,0.0,6.0,60.41
718,(NH4)2Mn(SO4)2,2.0,6.0,47.0
719,(NH4)2Ni(SO4)2,0.0,6.0,70.08
720,(NH4)2Zn(SO4)2,2.0,6.0,64.0
721,(NH4)2Zn(SO4)2,0.0,6.0,71.66
722,(NH4)3AsO4,0.0,3.0,51.4
723,(NH4)3PO4,0.0,3.0,64.67
724,NH4(UO2)2F5,3.0,4.0,48.55
725,NH4(UO2)2F5,0.0,4.0,25.02
726,NH4(UO2)2F5,0.0,3.0,17.17
727,NH4Al(SO4)2,3.0,12.0,55.94
728,NH4Al(SO4)2,1.0,12.0,34.0
729,NH4Al(SO4)2,0.0,12.0,58.39
730,NH4Al(SO4)2,1.0,3.0,65.7
731,NH4Al(SO4)2,0.0,3.0,65.1
732,NH4Co(SO4)2,0.0,12.0,95.6
733,NH4Cr(SO4)2,6.0,12.0,55.3
734,NH4Cr(SO4)2,2.0,12.0,58.9
735,NH4Cr(SO4)2,0.0,12.0,56.3
736,NH4Cr(SO4)2,2.0,6.0,64.3
737,NH4Fe(SO4)2,0.0,12.0,90.0
738,NH4V(SO4)2,0.0,12.0,59.0
739,Ni(HCOO)2,0.0,2.0,90.25
740,Ni(IO3)2,0.0,2.0,41.6
741,Ni(NO3)2,0.0,6.0,58.2
742,NiC2O4,0.0,2.0,59.4
743,NiCl2,4.0,6.0,55.03
744,NiCl2,2.0,6.0,52.9
745,NiCl2,0.0,6.0,56.54
746,NiCl2,2.0,4.0,52.13
747,NiCl2,0.0,4.0,61.81
748,NiCl2,0.0,2.0,58.87
749,NiF2,0.0,4.0,51.25
750,NiSeO3,0.0,2.0,43.41
751,NiSO4,6.0,7.0,51.64
752,NiSO4,0.0,7.0,58.74
753,NiSO4,0.0,6.0,59.92
754,NiSO4,1.0,4.0,57.7
755,NiSO4,0.0,4.0,78.35
756,NiSO4,0.0,1.0,93.3
757,Pb(CH3COO)2,0.0,3.0,16.0
758,Pr(NO3)3,4.0,6.0,52.21
759,Pr(NO3)3,3.0,6.0,56.68
760,Pr(NO3)3,0.0,6.0,63.21
761,PrBr3,0.0,6.0,69.2
762,PrCl3,6.0,7.0,64.4
763,PrCl3,0.0,7.0,62.0
764,PrCl3,0.0,6.0,63.8
765,PtCl4,3.5,5.0,104.7
766,PtCl4,0.0,5.0,62.42
767,PtCl4,0.0,3.5,110.7
768,PuBr3,0.0,6.0,66.6
769,Rb2Co(SO4)2,2.0,6.0,60.0
770,Rb2CO3,1.5,3.5,51.27
771,Rb2CO3,1.0,3.5,54.94
772,Rb2CO3,0.0,3.5,58.24
773,Rb2CO3,1.0,1.5,69.47
774,Rb2CO3,0.0,1.5,68.0
775,Rb2CO3,0.0,1.0,67.98
776,Rb2CuCl4,0.0,2.0,59.85
777,Rb2Mg(SeO4)2,2.0,6.0,53.63
778,Rb2Mg(SeO4)2,0.0,6.0,60.17
779,Rb2Mg(SeO4)2,0.0,2.0,73.24
780,Rb2Mg(SO4)2,4.0,6.0,53.13
781,Rb2Mg(SO4)2,2.0,6.0,59.95
782,Rb2Mg(SO4)2,0.0,6.0,62.63
783,Rb2Mg(SO4)2,0.0,2.0,67.99
784,Rb2Mn(SO4)2,2.0,6.0,47.2
785,Rb2Ni(SeO4)2,0.0,6.0,63.89
786,Rb2Ni(SO4)2,2.0,6.0,49.1
787,Rb2Ni(SO4)2,0.0,6.0,62.73
788,Rb2Zn(SO4)2,2.0,6.0,65.3
789,RbAl(SeO4)2,0.0,12.0,54.27
790,RbAl(SO4)2,0.0,12.0,57.74
791,RbCr(SO4)2,0.0,12.0,56.0
792,RbF,1.0,1.5,47.72
793,RbF,0.0,1.0,72.6
794,RbFe(SO4)2,0.0,12.0,87.0
795,RbOH,1.0,2.0,62.78
796,RbOH,0.0,2.0,75.58
797,RbOH,0.0,1.0,92.99
798,RbTi(SO4)2,0.0,12.0,68.3
799,RbV(SO4)2,0.0,12.0,57.1
800,ReCl3,0.0,1.67,53.8
801,ScCl3,0.0,6.0,71.2
802,Sm(NO3)3,4.0,6.0,56.08
803,Sm(NO3)3,3.0,6.0,56.67
804,Sm(NO3)3,0.0,6.0,63.49
805,Sm(NO3)3,3.0,4.0,57.84
806,Sm(NO3)3,0.0,4.0,67.19
807,Sm(NO3)3,0.0,3.0,70.31
808,Sm2(CrO4)3,2.0,7.0,55.33
809,Sm2(CrO4)3,0.0,7.0,58.71
810,Sm2(CrO4)3,0.0,2.0,67.17
811,SmCl3,0.0,6.0,65.36
812,SnBr4,0.0,5.0,60.6
813,SnCl2,1.5,2.0,92.4
814,SnCl2,0.0,2.0,60.44
815,SnCl2,0.0,1.5,55.2
816,SnCl4,5.0,8.0,68.6
817,SnCl4,4.0,8.0,67.55
818,SnCl4,3.0,8.0,68.22
819,SnCl4,2.0,8.0,69.17
820,SnCl4,0.0,8.0,69.08
821,SnCl4,4.0,5.0,64.4
822,SnCl4,3.0,5.0,67.65
823,SnCl4,2.0,5.0,68.73
824,SnCl4,0.0,5.0,68.76
825,SnCl4,3.0,4.0,70.9
826,SnCl4,2.0,4.0,72.4
827,SnCl4,0.0,4.0,70.6
828,SnCl4,2.0,3.0,73.9
829,SnCl4,0.0,3.0,70.5
830,SnCl4,0.0,2.0,68.8
831,SrBaAl4Si12O32,7.0,10.0,36.38
832,Sr(BrO3)2,0.0,1.0,93.52
833,Sr(ClO4)2,2.0,3.0,49.4
834,Sr(ClO4)2,1.0,3.0,54.0
835,Sr(ClO4)2,0.0,3.0,48.57
836,Sr(ClO4)2,1.0,2.0,58.6
837,Sr(ClO4)2,0.0,2.0,48.3
838,Sr(ClO4)2,0.0,1.0,38.0
839,Sr(HCOO)2,0.0,2.0,55.41
840,Sr(IO3)2,1.0,6.0,52.75
841,Sr(IO3)2,0.0,6.0,52.8
842,Sr(IO3)2,0.0,1.0,52.0
843,Sr(NO3)2,0.0,4.0,51.86
844,Sr(OH)2,2.0,8.0,38.0
845,Sr(OH)2,1.0,8.0,52.08
846,Sr(OH)2,0.0,8.0,41.71
847,Sr(OH)2,1.0,2.0,41.7
848,Sr(OH)2,0.0,2.0,52.85
849,Sr(OH)2,0.0,1.0,64.0
850,SrBr2,1.0,6.0,60.2
851,SrBr2,0.0,6.0,60.25
852,SrBr2,0.0,1.0,70.46
853,SrC2O4,0.0,1.0,49.8
854,SrCl2,2.0,6.0,57.2
855,SrCl2,1.0,6.0,60.08
856,SrCl2,0.0,6.0,61.22
857,SrCl2,1.0,2.0,57.34
858,SrCl2,0.0,2.0,62.89
859,SrCl2,0.0,1.0,63.4
860,SrI2,2.0,6.0,59.49
861,SrI2,1.0,6.0,58.3
862,SrI2,0.0,6.0,64.48
863,SrI2,1.0,2.0,53.53
864,SrI2,0.0,2.0,74.47
865,SrI2,0.0,1.0,95.41
866,SrO,0.0,8.0,55.09
867,SrSiF6,0.0,2.0,53.57
868,SrTeO3,0.0,1.0,64.03
869,Tb(NO3)3,4.0,6.0,56.92
870,TbCl3,0.0,6.0,70.26
871,TbPO4,0.0,2.0,103.36
872,Th(NO3)4,4.0,5.0,54.2
873,Th(NO3)4,0.0,5.0,73.94
874,Th(NO3)4,0.0,4.0,74.45
875,TlAl(SO4)2,0.0,12.0,68.9
876,TlCr(SO4)2,0.0,12.0,58.6
877,TlBr3,0.0,4.0,67.6
878,TlCl3,0.0,4.0,56.9
880,U(SO4)2,0.0,4.0,51.6
881,UBr4,0.0,9.0,62.8
882,UCl3,6.0,7.0,42.4
883,UCl3,0.0,7.0,61.69
884,UCl3,0.0,6.0,64.9
885,UF4,0.0,2.5,61.34
886,UF4,0.0,2.0,37.1
887,(UO2)3(PO4)2,4.0,6.0,52.8
888,(UO2)3(PO4)2,0.0,6.0,64.33
889,(UO2)3(PO4)2,0.0,4.0,70.1
890,UO2(CHOO)2,0.0,1.0,77.0
891,UO2(NO3)2,3.0,6.0,53.9
892,UO2(NO3)2,2.0,6.0,55.4
893,UO2(NO3)2,1.0,6.0,58.9
894,UO2(NO3)2,0.0,6.0,60.95
895,UO2(NO3)2,2.0,3.0,59.43
896,UO2(NO3)2,1.0,3.0,66.4
897,UO2(NO3)2,0.0,3.0,68.0
898,UO2(NO3)2,1.0,2.0,72.9
899,UO2(NO3)2,0.0,2.0,72.05
900,UO2(NO3)2,0.0,1.0,71.2
901,UO2Br2,1.0,3.0,59.2
902,UO2Br2,0.0,3.0,65.03
903,UO2Br2,0.0,1.0,76.7
904,UO2Cl2,1.0,3.0,60.7
905,UO2Cl2,0.0,3.0,65.3
906,UO2Cl2,0.0,1.0,81.4
907,UO2SO4,3.0,3.5,58.4
908,UO2SO4,2.5,3.5,52.8
909,UO2SO4,1.0,3.5,67.32
910,UO2SO4,0.0,3.5,59.93
911,UO2SO4,2.5,3.0,47.2
912,UO2SO4,1.0,3.0,69.55
913,UO2SO4,0.0,3.0,60.0
914,UO2SO4,1.0,2.5,77.0
915,UO2SO4,0.0,2.5,62.78
916,UO2SO4,0.0,1.0,41.44
917,UO3,1.0,2.0,47.3
918,UO3,0.9,2.0,49.49
919,UO3,0.0,2.0,59.67
920,UO3,0.9,1.0,71.4
921,UO3,0.0,1.0,72.03
922,UO3,0.0,0.9,72.1
923,V2O5,0.0,1.0,52.18
924,VBr3,0.0,6.0,68.2
925,VCl3,4.0,6.0,68.4
926,VCl3,0.0,6.0,70.73
927,VCl3,0.0,4.0,67.5
928,VF3,2.0,3.0,65.4
929,VF3,0.0,3.0,66.07
930,VF3,0.0,2.0,66.4
931,VOSO4,5.0,6.0,52.0
932,VOSO4,3.0,6.0,55.27
933,VOSO4,1.0,6.0,58.68
934,VOSO4,0.0,6.0,71.35
935,VOSO4,3.0,5.0,56.9
936,VOSO4,1.0,5.0,60.6
937,VOSO4,0.0,5.0,75.42
938,VOSO4,1.0,3.0,64.3
939,VOSO4,0.0,3.0,87.77
940,VOSO4,0.0,1.0,134.7
941,WO3,0.0,1.0,87.27
942,Y2(CO3)3,1.0,3.0,54.2
943,Y2(CO3)3,0.0,3.0,60.55
944,Y2(CO3)3,0.0,1.0,73.24
945,Y2(SO4)3,0.0,1.0,46.0
946,YBr3,8.0,10.0,50.8
947,YBr3,0.0,10.0,64.64
948,YBr3,0.0,8.0,68.1
949,YCl3,0.0,6.0,72.25
950,YPO4,0.0,2.0,38.97
951,Yb(NO3)3,4.0,5.0,54.83
952,YbPO4,0.0,2.0,113.82
953,Zn(CH3COO)2,1.0,2.0,55.62
954,Zn(CH3COO)2,0.0,2.0,55.62
955,Zn(CH3COO)2,0.0,1.0,55.62
956,Zn(ClO4)2,4.0,6.0,11.0
957,Zn(ClO4)2,0.0,6.0,71.08
958,Zn(HCOO)2,0.0,2.0,77.0
959,Zn(NO3)2,4.0,6.0,62.03
960,Zn(NO3)2,2.0,6.0,57.28
961,Zn(NO3)2,0.0,6.0,62.02
962,Zn(NO3)2,2.0,4.0,52.6
963,Zn(NO3)2,0.0,4.0,62.05
964,Zn(NO3)2,1.0,2.0,63.61
965,Zn(NO3)2,0.0,2.0,71.5
966,Zn(OH)2,0.0,1.0,61.68
967,ZnBr2,0.0,2.0,62.6
968,ZnC2O4,0.0,2.0,64.6
969,ZnCl2,3.0,4.5,73.8
970,ZnCl2,2.5,4.5,67.35
971,ZnCl2,1.33,4.5,65.38
972,ZnCl2,0.0,4.5,60.56
973,ZnCl2,2.5,3.0,48.0
974,ZnCl2,1.33,3.0,57.81
975,ZnCl2,0.0,3.0,53.95
976,ZnCl2,1.33,2.5,62.0
977,ZnCl2,0.0,2.5,55.14
978,ZnCl2,0.0,1.33,49.1
979,ZnF2,2.0,4.0,79.2
980,ZnF2,0.0,4.0,55.66
981,ZnF2,0.0,2.0,50.4
982,ZnSe2O5,0.0,3.0,53.85
983,ZnSeO3,1.0,2.0,57.29
984,ZnSeO3,0.0,2.0,53.34
985,ZnSeO3,0.0,1.0,49.39
986,ZnSeO4,1.0,6.0,53.19
987,ZnSeO4,0.0,6.0,56.4
988,ZnSeO4,0.0,1.0,72.4
989,ZnSO4,6.0,7.0,58.3
990,ZnSO4,4.0,7.0,55.38
991,ZnSO4,2.0,7.0,54.24
992,ZnSO4,1.0,7.0,53.98
993,ZnSO4,0.0,7.0,58.08
994,ZnSO4,4.0,6.0,53.92
995,ZnSO4,2.0,6.0,53.5
996,ZnSO4,1.0,6.0,52.62
997,ZnSO4,0.0,6.0,58.06
998,ZnSO4,1.0,2.0,51.15
999,ZnSO4,0.0,2.0,67.68
1000,ZnSO4,0.0,1.0,82.65
1002,Zr(SO4)2,1.0,4.0,58.27
1003,Zr(SO4)2,0.0,4.0,67.45
1004,Zr(SO4)2,0.0,1.0,94.99
1005,ZrF4,1.0,3.0,55.87
1006,ZrF4,0.0,3.0,67.5
1007,ZrF4,0.0,1.0,76.18
1008,ZrOCl2,6.0,8.0,48.93
1009,ZrOCl2,3.5,8.0,54.74
1010,ZrOCl2,2.0,8.0,57.29
1011,ZrOCl2,0.0,8.0,56.37